iter	Logloss
0	0.5564586836
1	0.4556105363
2	0.4231340864
3	0.3761151713
4	0.3532729752
5	0.3347420422
6	0.3163874137
7	0.3010745932
8	0.292510892
9	0.2703544826
