iter	Logloss
0	0.557327258
1	0.4844062364
2	0.4144212705
3	0.3869953791
4	0.3646694333
5	0.3446346488
6	0.3304587528
7	0.3094738451
8	0.2954462836
9	0.2717887043
